<?xml version="1.0" encoding="UTF-8"?>
<project xmlns="http://www.netbeans.org/ns/project/1">
    <type>com.sun.tools.ide.uml.project</type>
    <configuration>
        <data xmlns="http://www.sun.com/ns/uml-project/1">
            <name>emu8UML</name>
            <minimum-ant-version>1.6</minimum-ant-version>
        </data>
        <references xmlns="http://www.netbeans.org/ns/ant-project-references/1">
            <reference>
                <foreign-project>emu8</foreign-project>
                <artifact-type>jar</artifact-type>
                <script>build.xml</script>
                <target>jar</target>
                <clean-target>clean</clean-target>
                <id>jar</id>
            </reference>
        </references>
    </configuration>
</project>
